date,home_team,home_team_score,id,period,postseason,season,status,time,visitor_team,visitor_team_score,home_team_id,home_team_abbreviation,home_team_city,home_team_conference,home_team_division,home_team_full_name,home_team_name,visitor_team_id,visitor_team_abbreviation,visitor_team_city,visitor_team_conference,visitor_team_division,visitor_team_full_name,visitor_team_name
2019-04-13T00:00:00.000Z,"{'id': 23, 'abbreviation': 'PHI', 'city': 'Philadelphia', 'conference': 'East', 'division': 'Atlantic', 'full_name': 'Philadelphia 76ers', 'name': '76ers'}",102,60485,4,True,2018,Final,     ,"{'id': 3, 'abbreviation': 'BKN', 'city': 'Brooklyn', 'conference': 'East', 'division': 'Atlantic', 'full_name': 'Brooklyn Nets', 'name': 'Nets'}",111,23,PHI,Philadelphia,East,Atlantic,Philadelphia 76ers,76ers,3,BKN,Brooklyn,East,Atlantic,Brooklyn Nets,Nets
2019-04-13T00:00:00.000Z,"{'id': 28, 'abbreviation': 'TOR', 'city': 'Toronto', 'conference': 'East', 'division': 'Atlantic', 'full_name': 'Toronto Raptors', 'name': 'Raptors'}",101,60486,4,True,2018,Final,     ,"{'id': 22, 'abbreviation': 'ORL', 'city': 'Orlando', 'conference': 'East', 'division': 'Southeast', 'full_name': 'Orlando Magic', 'name': 'Magic'}",104,28,TOR,Toronto,East,Atlantic,Toronto Raptors,Raptors,22,ORL,Orlando,East,Southeast,Orlando Magic,Magic
2019-04-13T00:00:00.000Z,"{'id': 10, 'abbreviation': 'GSW', 'city': 'Golden State', 'conference': 'West', 'division': 'Pacific', 'full_name': 'Golden State Warriors', 'name': 'Warriors'}",121,60487,4,True,2018,Final,     ,"{'id': 13, 'abbreviation': 'LAC', 'city': 'LA', 'conference': 'West', 'division': 'Pacific', 'full_name': 'LA Clippers', 'name': 'Clippers'}",104,10,GSW,Golden State,West,Pacific,Golden State Warriors,Warriors,13,LAC,LA,West,Pacific,LA Clippers,Clippers
2019-04-13T00:00:00.000Z,"{'id': 8, 'abbreviation': 'DEN', 'city': 'Denver', 'conference': 'West', 'division': 'Northwest', 'full_name': 'Denver Nuggets', 'name': 'Nuggets'}",96,60488,4,True,2018,Final,     ,"{'id': 27, 'abbreviation': 'SAS', 'city': 'San Antonio', 'conference': 'West', 'division': 'Southwest', 'full_name': 'San Antonio Spurs', 'name': 'Spurs'}",101,8,DEN,Denver,West,Northwest,Denver Nuggets,Nuggets,27,SAS,San Antonio,West,Southwest,San Antonio Spurs,Spurs
2019-04-14T00:00:00.000Z,"{'id': 2, 'abbreviation': 'BOS', 'city': 'Boston', 'conference': 'East', 'division': 'Atlantic', 'full_name': 'Boston Celtics', 'name': 'Celtics'}",84,60489,4,True,2018,Final,     ,"{'id': 12, 'abbreviation': 'IND', 'city': 'Indiana', 'conference': 'East', 'division': 'Central', 'full_name': 'Indiana Pacers', 'name': 'Pacers'}",74,2,BOS,Boston,East,Atlantic,Boston Celtics,Celtics,12,IND,Indiana,East,Central,Indiana Pacers,Pacers
2019-04-14T00:00:00.000Z,"{'id': 17, 'abbreviation': 'MIL', 'city': 'Milwaukee', 'conference': 'East', 'division': 'Central', 'full_name': 'Milwaukee Bucks', 'name': 'Bucks'}",121,60491,4,True,2018,Final,     ,"{'id': 9, 'abbreviation': 'DET', 'city': 'Detroit', 'conference': 'East', 'division': 'Central', 'full_name': 'Detroit Pistons', 'name': 'Pistons'}",86,17,MIL,Milwaukee,East,Central,Milwaukee Bucks,Bucks,9,DET,Detroit,East,Central,Detroit Pistons,Pistons
2019-04-14T00:00:00.000Z,"{'id': 11, 'abbreviation': 'HOU', 'city': 'Houston', 'conference': 'West', 'division': 'Southwest', 'full_name': 'Houston Rockets', 'name': 'Rockets'}",122,60490,4,True,2018,Final,     ,"{'id': 29, 'abbreviation': 'UTA', 'city': 'Utah', 'conference': 'West', 'division': 'Northwest', 'full_name': 'Utah Jazz', 'name': 'Jazz'}",90,11,HOU,Houston,West,Southwest,Houston Rockets,Rockets,29,UTA,Utah,West,Northwest,Utah Jazz,Jazz
2019-04-14T00:00:00.000Z,"{'id': 25, 'abbreviation': 'POR', 'city': 'Portland', 'conference': 'West', 'division': 'Northwest', 'full_name': 'Portland Trail Blazers', 'name': 'Trail Blazers'}",104,60492,4,True,2018,Final,     ,"{'id': 21, 'abbreviation': 'OKC', 'city': 'Oklahoma City', 'conference': 'West', 'division': 'Northwest', 'full_name': 'Oklahoma City Thunder', 'name': 'Thunder'}",99,25,POR,Portland,West,Northwest,Portland Trail Blazers,Trail Blazers,21,OKC,Oklahoma City,West,Northwest,Oklahoma City Thunder,Thunder
2019-04-15T00:00:00.000Z,"{'id': 10, 'abbreviation': 'GSW', 'city': 'Golden State', 'conference': 'West', 'division': 'Pacific', 'full_name': 'Golden State Warriors', 'name': 'Warriors'}",131,60493,4,True,2018,Final,     ,"{'id': 13, 'abbreviation': 'LAC', 'city': 'LA', 'conference': 'West', 'division': 'Pacific', 'full_name': 'LA Clippers', 'name': 'Clippers'}",135,10,GSW,Golden State,West,Pacific,Golden State Warriors,Warriors,13,LAC,LA,West,Pacific,LA Clippers,Clippers
2019-04-15T00:00:00.000Z,"{'id': 23, 'abbreviation': 'PHI', 'city': 'Philadelphia', 'conference': 'East', 'division': 'Atlantic', 'full_name': 'Philadelphia 76ers', 'name': '76ers'}",145,60494,4,True,2018,Final,     ,"{'id': 3, 'abbreviation': 'BKN', 'city': 'Brooklyn', 'conference': 'East', 'division': 'Atlantic', 'full_name': 'Brooklyn Nets', 'name': 'Nets'}",123,23,PHI,Philadelphia,East,Atlantic,Philadelphia 76ers,76ers,3,BKN,Brooklyn,East,Atlantic,Brooklyn Nets,Nets
2019-04-16T00:00:00.000Z,"{'id': 28, 'abbreviation': 'TOR', 'city': 'Toronto', 'conference': 'East', 'division': 'Atlantic', 'full_name': 'Toronto Raptors', 'name': 'Raptors'}",111,60496,4,True,2018,Final,     ,"{'id': 22, 'abbreviation': 'ORL', 'city': 'Orlando', 'conference': 'East', 'division': 'Southeast', 'full_name': 'Orlando Magic', 'name': 'Magic'}",82,28,TOR,Toronto,East,Atlantic,Toronto Raptors,Raptors,22,ORL,Orlando,East,Southeast,Orlando Magic,Magic
2019-04-16T00:00:00.000Z,"{'id': 8, 'abbreviation': 'DEN', 'city': 'Denver', 'conference': 'West', 'division': 'Northwest', 'full_name': 'Denver Nuggets', 'name': 'Nuggets'}",114,60497,4,True,2018,Final,     ,"{'id': 27, 'abbreviation': 'SAS', 'city': 'San Antonio', 'conference': 'West', 'division': 'Southwest', 'full_name': 'San Antonio Spurs', 'name': 'Spurs'}",105,8,DEN,Denver,West,Northwest,Denver Nuggets,Nuggets,27,SAS,San Antonio,West,Southwest,San Antonio Spurs,Spurs
2019-04-16T00:00:00.000Z,"{'id': 25, 'abbreviation': 'POR', 'city': 'Portland', 'conference': 'West', 'division': 'Northwest', 'full_name': 'Portland Trail Blazers', 'name': 'Trail Blazers'}",114,60495,4,True,2018,Final,     ,"{'id': 21, 'abbreviation': 'OKC', 'city': 'Oklahoma City', 'conference': 'West', 'division': 'Northwest', 'full_name': 'Oklahoma City Thunder', 'name': 'Thunder'}",94,25,POR,Portland,West,Northwest,Portland Trail Blazers,Trail Blazers,21,OKC,Oklahoma City,West,Northwest,Oklahoma City Thunder,Thunder
2019-04-21T00:00:00.000Z,"{'id': 12, 'abbreviation': 'IND', 'city': 'Indiana', 'conference': 'East', 'division': 'Central', 'full_name': 'Indiana Pacers', 'name': 'Pacers'}",106,60511,4,True,2018,Final,     ,"{'id': 2, 'abbreviation': 'BOS', 'city': 'Boston', 'conference': 'East', 'division': 'Atlantic', 'full_name': 'Boston Celtics', 'name': 'Celtics'}",110,12,IND,Indiana,East,Central,Indiana Pacers,Pacers,2,BOS,Boston,East,Atlantic,Boston Celtics,Celtics
2019-04-21T00:00:00.000Z,"{'id': 13, 'abbreviation': 'LAC', 'city': 'LA', 'conference': 'West', 'division': 'Pacific', 'full_name': 'LA Clippers', 'name': 'Clippers'}",105,60514,4,True,2018,Final,     ,"{'id': 10, 'abbreviation': 'GSW', 'city': 'Golden State', 'conference': 'West', 'division': 'Pacific', 'full_name': 'Golden State Warriors', 'name': 'Warriors'}",113,13,LAC,LA,West,Pacific,LA Clippers,Clippers,10,GSW,Golden State,West,Pacific,Golden State Warriors,Warriors
2019-04-21T00:00:00.000Z,"{'id': 22, 'abbreviation': 'ORL', 'city': 'Orlando', 'conference': 'East', 'division': 'Southeast', 'full_name': 'Orlando Magic', 'name': 'Magic'}",85,60513,4,True,2018,Final,     ,"{'id': 28, 'abbreviation': 'TOR', 'city': 'Toronto', 'conference': 'East', 'division': 'Atlantic', 'full_name': 'Toronto Raptors', 'name': 'Raptors'}",107,22,ORL,Orlando,East,Southeast,Orlando Magic,Magic,28,TOR,Toronto,East,Atlantic,Toronto Raptors,Raptors
2019-04-21T00:00:00.000Z,"{'id': 21, 'abbreviation': 'OKC', 'city': 'Oklahoma City', 'conference': 'West', 'division': 'Northwest', 'full_name': 'Oklahoma City Thunder', 'name': 'Thunder'}",98,60512,4,True,2018,Final,     ,"{'id': 25, 'abbreviation': 'POR', 'city': 'Portland', 'conference': 'West', 'division': 'Northwest', 'full_name': 'Portland Trail Blazers', 'name': 'Trail Blazers'}",111,21,OKC,Oklahoma City,West,Northwest,Oklahoma City Thunder,Thunder,25,POR,Portland,West,Northwest,Portland Trail Blazers,Trail Blazers
2019-04-22T00:00:00.000Z,"{'id': 9, 'abbreviation': 'DET', 'city': 'Detroit', 'conference': 'East', 'division': 'Central', 'full_name': 'Detroit Pistons', 'name': 'Pistons'}",104,60516,4,True,2018,Final,     ,"{'id': 17, 'abbreviation': 'MIL', 'city': 'Milwaukee', 'conference': 'East', 'division': 'Central', 'full_name': 'Milwaukee Bucks', 'name': 'Bucks'}",127,9,DET,Detroit,East,Central,Detroit Pistons,Pistons,17,MIL,Milwaukee,East,Central,Milwaukee Bucks,Bucks
2019-04-22T00:00:00.000Z,"{'id': 29, 'abbreviation': 'UTA', 'city': 'Utah', 'conference': 'West', 'division': 'Northwest', 'full_name': 'Utah Jazz', 'name': 'Jazz'}",107,60515,4,True,2018,Final,     ,"{'id': 11, 'abbreviation': 'HOU', 'city': 'Houston', 'conference': 'West', 'division': 'Southwest', 'full_name': 'Houston Rockets', 'name': 'Rockets'}",91,29,UTA,Utah,West,Northwest,Utah Jazz,Jazz,11,HOU,Houston,West,Southwest,Houston Rockets,Rockets
2019-04-18T00:00:00.000Z,"{'id': 3, 'abbreviation': 'BKN', 'city': 'Brooklyn', 'conference': 'East', 'division': 'Atlantic', 'full_name': 'Brooklyn Nets', 'name': 'Nets'}",115,60501,4,True,2018,Final,     ,"{'id': 23, 'abbreviation': 'PHI', 'city': 'Philadelphia', 'conference': 'East', 'division': 'Atlantic', 'full_name': 'Philadelphia 76ers', 'name': '76ers'}",131,3,BKN,Brooklyn,East,Atlantic,Brooklyn Nets,Nets,23,PHI,Philadelphia,East,Atlantic,Philadelphia 76ers,76ers
2019-04-18T00:00:00.000Z,"{'id': 27, 'abbreviation': 'SAS', 'city': 'San Antonio', 'conference': 'West', 'division': 'Southwest', 'full_name': 'San Antonio Spurs', 'name': 'Spurs'}",118,60503,4,True,2018,Final,     ,"{'id': 8, 'abbreviation': 'DEN', 'city': 'Denver', 'conference': 'West', 'division': 'Northwest', 'full_name': 'Denver Nuggets', 'name': 'Nuggets'}",108,27,SAS,San Antonio,West,Southwest,San Antonio Spurs,Spurs,8,DEN,Denver,West,Northwest,Denver Nuggets,Nuggets
2019-04-18T00:00:00.000Z,"{'id': 13, 'abbreviation': 'LAC', 'city': 'LA', 'conference': 'West', 'division': 'Pacific', 'full_name': 'LA Clippers', 'name': 'Clippers'}",105,60502,4,True,2018,Final,     ,"{'id': 10, 'abbreviation': 'GSW', 'city': 'Golden State', 'conference': 'West', 'division': 'Pacific', 'full_name': 'Golden State Warriors', 'name': 'Warriors'}",132,13,LAC,LA,West,Pacific,LA Clippers,Clippers,10,GSW,Golden State,West,Pacific,Golden State Warriors,Warriors
2019-04-20T00:00:00.000Z,"{'id': 3, 'abbreviation': 'BKN', 'city': 'Brooklyn', 'conference': 'East', 'division': 'Atlantic', 'full_name': 'Brooklyn Nets', 'name': 'Nets'}",108,60509,4,True,2018,Final,     ,"{'id': 23, 'abbreviation': 'PHI', 'city': 'Philadelphia', 'conference': 'East', 'division': 'Atlantic', 'full_name': 'Philadelphia 76ers', 'name': '76ers'}",112,3,BKN,Brooklyn,East,Atlantic,Brooklyn Nets,Nets,23,PHI,Philadelphia,East,Atlantic,Philadelphia 76ers,76ers
2019-04-20T00:00:00.000Z,"{'id': 27, 'abbreviation': 'SAS', 'city': 'San Antonio', 'conference': 'West', 'division': 'Southwest', 'full_name': 'San Antonio Spurs', 'name': 'Spurs'}",103,60508,4,True,2018,Final,     ,"{'id': 8, 'abbreviation': 'DEN', 'city': 'Denver', 'conference': 'West', 'division': 'Northwest', 'full_name': 'Denver Nuggets', 'name': 'Nuggets'}",117,27,SAS,San Antonio,West,Southwest,San Antonio Spurs,Spurs,8,DEN,Denver,West,Northwest,Denver Nuggets,Nuggets
2019-04-20T00:00:00.000Z,"{'id': 9, 'abbreviation': 'DET', 'city': 'Detroit', 'conference': 'East', 'division': 'Central', 'full_name': 'Detroit Pistons', 'name': 'Pistons'}",103,60510,4,True,2018,Final,     ,"{'id': 17, 'abbreviation': 'MIL', 'city': 'Milwaukee', 'conference': 'East', 'division': 'Central', 'full_name': 'Milwaukee Bucks', 'name': 'Bucks'}",119,9,DET,Detroit,East,Central,Detroit Pistons,Pistons,17,MIL,Milwaukee,East,Central,Milwaukee Bucks,Bucks
2019-04-20T00:00:00.000Z,"{'id': 29, 'abbreviation': 'UTA', 'city': 'Utah', 'conference': 'West', 'division': 'Northwest', 'full_name': 'Utah Jazz', 'name': 'Jazz'}",101,60507,4,True,2018,Final,     ,"{'id': 11, 'abbreviation': 'HOU', 'city': 'Houston', 'conference': 'West', 'division': 'Southwest', 'full_name': 'Houston Rockets', 'name': 'Rockets'}",104,29,UTA,Utah,West,Northwest,Utah Jazz,Jazz,11,HOU,Houston,West,Southwest,Houston Rockets,Rockets
2019-04-24T00:00:00.000Z,"{'id': 10, 'abbreviation': 'GSW', 'city': 'Golden State', 'conference': 'West', 'division': 'Pacific', 'full_name': 'Golden State Warriors', 'name': 'Warriors'}",121,60521,4,True,2018,Final,     ,"{'id': 13, 'abbreviation': 'LAC', 'city': 'LA', 'conference': 'West', 'division': 'Pacific', 'full_name': 'LA Clippers', 'name': 'Clippers'}",129,10,GSW,Golden State,West,Pacific,Golden State Warriors,Warriors,13,LAC,LA,West,Pacific,LA Clippers,Clippers
2019-04-26T00:00:00.000Z,"{'id': 13, 'abbreviation': 'LAC', 'city': 'LA', 'conference': 'West', 'division': 'Pacific', 'full_name': 'LA Clippers', 'name': 'Clippers'}",110,60531,4,True,2018,Final,     ,"{'id': 10, 'abbreviation': 'GSW', 'city': 'Golden State', 'conference': 'West', 'division': 'Pacific', 'full_name': 'Golden State Warriors', 'name': 'Warriors'}",129,13,LAC,LA,West,Pacific,LA Clippers,Clippers,10,GSW,Golden State,West,Pacific,Golden State Warriors,Warriors
2019-04-24T00:00:00.000Z,"{'id': 11, 'abbreviation': 'HOU', 'city': 'Houston', 'conference': 'West', 'division': 'Southwest', 'full_name': 'Houston Rockets', 'name': 'Rockets'}",100,60522,4,True,2018,Final,     ,"{'id': 29, 'abbreviation': 'UTA', 'city': 'Utah', 'conference': 'West', 'division': 'Northwest', 'full_name': 'Utah Jazz', 'name': 'Jazz'}",93,11,HOU,Houston,West,Southwest,Houston Rockets,Rockets,29,UTA,Utah,West,Northwest,Utah Jazz,Jazz
2019-04-25T00:00:00.000Z,"{'id': 27, 'abbreviation': 'SAS', 'city': 'San Antonio', 'conference': 'West', 'division': 'Southwest', 'full_name': 'San Antonio Spurs', 'name': 'Spurs'}",120,60526,4,True,2018,Final,     ,"{'id': 8, 'abbreviation': 'DEN', 'city': 'Denver', 'conference': 'West', 'division': 'Northwest', 'full_name': 'Denver Nuggets', 'name': 'Nuggets'}",103,27,SAS,San Antonio,West,Southwest,San Antonio Spurs,Spurs,8,DEN,Denver,West,Northwest,Denver Nuggets,Nuggets
2019-04-27T00:00:00.000Z,"{'id': 8, 'abbreviation': 'DEN', 'city': 'Denver', 'conference': 'West', 'division': 'Northwest', 'full_name': 'Denver Nuggets', 'name': 'Nuggets'}",90,60534,4,True,2018,Final,     ,"{'id': 27, 'abbreviation': 'SAS', 'city': 'San Antonio', 'conference': 'West', 'division': 'Southwest', 'full_name': 'San Antonio Spurs', 'name': 'Spurs'}",86,8,DEN,Denver,West,Northwest,Denver Nuggets,Nuggets,27,SAS,San Antonio,West,Southwest,San Antonio Spurs,Spurs
2019-05-10T00:00:00.000Z,"{'id': 11, 'abbreviation': 'HOU', 'city': 'Houston', 'conference': 'West', 'division': 'Southwest', 'full_name': 'Houston Rockets', 'name': 'Rockets'}",113,61746,4,True,2018,Final,     ,"{'id': 10, 'abbreviation': 'GSW', 'city': 'Golden State', 'conference': 'West', 'division': 'Pacific', 'full_name': 'Golden State Warriors', 'name': 'Warriors'}",118,11,HOU,Houston,West,Southwest,Houston Rockets,Rockets,10,GSW,Golden State,West,Pacific,Golden State Warriors,Warriors
2019-04-23T00:00:00.000Z,"{'id': 28, 'abbreviation': 'TOR', 'city': 'Toronto', 'conference': 'East', 'division': 'Atlantic', 'full_name': 'Toronto Raptors', 'name': 'Raptors'}",115,60519,4,True,2018,Final,     ,"{'id': 22, 'abbreviation': 'ORL', 'city': 'Orlando', 'conference': 'East', 'division': 'Southeast', 'full_name': 'Orlando Magic', 'name': 'Magic'}",96,28,TOR,Toronto,East,Atlantic,Toronto Raptors,Raptors,22,ORL,Orlando,East,Southeast,Orlando Magic,Magic
2019-04-23T00:00:00.000Z,"{'id': 23, 'abbreviation': 'PHI', 'city': 'Philadelphia', 'conference': 'East', 'division': 'Atlantic', 'full_name': 'Philadelphia 76ers', 'name': '76ers'}",122,60520,4,True,2018,Final,     ,"{'id': 3, 'abbreviation': 'BKN', 'city': 'Brooklyn', 'conference': 'East', 'division': 'Atlantic', 'full_name': 'Brooklyn Nets', 'name': 'Nets'}",100,23,PHI,Philadelphia,East,Atlantic,Philadelphia 76ers,76ers,3,BKN,Brooklyn,East,Atlantic,Brooklyn Nets,Nets
2019-04-23T00:00:00.000Z,"{'id': 25, 'abbreviation': 'POR', 'city': 'Portland', 'conference': 'West', 'division': 'Northwest', 'full_name': 'Portland Trail Blazers', 'name': 'Trail Blazers'}",118,60518,4,True,2018,Final,     ,"{'id': 21, 'abbreviation': 'OKC', 'city': 'Oklahoma City', 'conference': 'West', 'division': 'Northwest', 'full_name': 'Oklahoma City Thunder', 'name': 'Thunder'}",115,25,POR,Portland,West,Northwest,Portland Trail Blazers,Trail Blazers,21,OKC,Oklahoma City,West,Northwest,Oklahoma City Thunder,Thunder
2019-05-06T00:00:00.000Z,"{'id': 2, 'abbreviation': 'BOS', 'city': 'Boston', 'conference': 'East', 'division': 'Atlantic', 'full_name': 'Boston Celtics', 'name': 'Celtics'}",101,61741,4,True,2018,Final,     ,"{'id': 17, 'abbreviation': 'MIL', 'city': 'Milwaukee', 'conference': 'East', 'division': 'Central', 'full_name': 'Milwaukee Bucks', 'name': 'Bucks'}",113,2,BOS,Boston,East,Atlantic,Boston Celtics,Celtics,17,MIL,Milwaukee,East,Central,Milwaukee Bucks,Bucks
2019-05-06T00:00:00.000Z,"{'id': 11, 'abbreviation': 'HOU', 'city': 'Houston', 'conference': 'West', 'division': 'Southwest', 'full_name': 'Houston Rockets', 'name': 'Rockets'}",112,61740,4,True,2018,Final,     ,"{'id': 10, 'abbreviation': 'GSW', 'city': 'Golden State', 'conference': 'West', 'division': 'Pacific', 'full_name': 'Golden State Warriors', 'name': 'Warriors'}",108,11,HOU,Houston,West,Southwest,Houston Rockets,Rockets,10,GSW,Golden State,West,Pacific,Golden State Warriors,Warriors
2019-05-08T00:00:00.000Z,"{'id': 17, 'abbreviation': 'MIL', 'city': 'Milwaukee', 'conference': 'East', 'division': 'Central', 'full_name': 'Milwaukee Bucks', 'name': 'Bucks'}",116,61743,4,True,2018,Final,     ,"{'id': 2, 'abbreviation': 'BOS', 'city': 'Boston', 'conference': 'East', 'division': 'Atlantic', 'full_name': 'Boston Celtics', 'name': 'Celtics'}",91,17,MIL,Milwaukee,East,Central,Milwaukee Bucks,Bucks,2,BOS,Boston,East,Atlantic,Boston Celtics,Celtics
2019-05-08T00:00:00.000Z,"{'id': 10, 'abbreviation': 'GSW', 'city': 'Golden State', 'conference': 'West', 'division': 'Pacific', 'full_name': 'Golden State Warriors', 'name': 'Warriors'}",104,61744,4,True,2018,Final,     ,"{'id': 11, 'abbreviation': 'HOU', 'city': 'Houston', 'conference': 'West', 'division': 'Southwest', 'full_name': 'Houston Rockets', 'name': 'Rockets'}",99,10,GSW,Golden State,West,Pacific,Golden State Warriors,Warriors,11,HOU,Houston,West,Southwest,Houston Rockets,Rockets
2019-05-05T00:00:00.000Z,"{'id': 23, 'abbreviation': 'PHI', 'city': 'Philadelphia', 'conference': 'East', 'division': 'Atlantic', 'full_name': 'Philadelphia 76ers', 'name': '76ers'}",96,61739,4,True,2018,Final,     ,"{'id': 28, 'abbreviation': 'TOR', 'city': 'Toronto', 'conference': 'East', 'division': 'Atlantic', 'full_name': 'Toronto Raptors', 'name': 'Raptors'}",101,23,PHI,Philadelphia,East,Atlantic,Philadelphia 76ers,76ers,28,TOR,Toronto,East,Atlantic,Toronto Raptors,Raptors
2019-05-07T00:00:00.000Z,"{'id': 28, 'abbreviation': 'TOR', 'city': 'Toronto', 'conference': 'East', 'division': 'Atlantic', 'full_name': 'Toronto Raptors', 'name': 'Raptors'}",125,61742,4,True,2018,Final,     ,"{'id': 23, 'abbreviation': 'PHI', 'city': 'Philadelphia', 'conference': 'East', 'division': 'Atlantic', 'full_name': 'Philadelphia 76ers', 'name': '76ers'}",89,28,TOR,Toronto,East,Atlantic,Toronto Raptors,Raptors,23,PHI,Philadelphia,East,Atlantic,Philadelphia 76ers,76ers
2019-05-09T00:00:00.000Z,"{'id': 23, 'abbreviation': 'PHI', 'city': 'Philadelphia', 'conference': 'East', 'division': 'Atlantic', 'full_name': 'Philadelphia 76ers', 'name': '76ers'}",112,61745,4,True,2018,Final,     ,"{'id': 28, 'abbreviation': 'TOR', 'city': 'Toronto', 'conference': 'East', 'division': 'Atlantic', 'full_name': 'Toronto Raptors', 'name': 'Raptors'}",101,23,PHI,Philadelphia,East,Atlantic,Philadelphia 76ers,76ers,28,TOR,Toronto,East,Atlantic,Toronto Raptors,Raptors
2019-04-27T00:00:00.000Z,"{'id': 28, 'abbreviation': 'TOR', 'city': 'Toronto', 'conference': 'East', 'division': 'Atlantic', 'full_name': 'Toronto Raptors', 'name': 'Raptors'}",108,61723,4,True,2018,Final,     ,"{'id': 23, 'abbreviation': 'PHI', 'city': 'Philadelphia', 'conference': 'East', 'division': 'Atlantic', 'full_name': 'Philadelphia 76ers', 'name': '76ers'}",95,28,TOR,Toronto,East,Atlantic,Toronto Raptors,Raptors,23,PHI,Philadelphia,East,Atlantic,Philadelphia 76ers,76ers
2019-04-28T00:00:00.000Z,"{'id': 10, 'abbreviation': 'GSW', 'city': 'Golden State', 'conference': 'West', 'division': 'Pacific', 'full_name': 'Golden State Warriors', 'name': 'Warriors'}",104,61724,4,True,2018,Final,     ,"{'id': 11, 'abbreviation': 'HOU', 'city': 'Houston', 'conference': 'West', 'division': 'Southwest', 'full_name': 'Houston Rockets', 'name': 'Rockets'}",100,10,GSW,Golden State,West,Pacific,Golden State Warriors,Warriors,11,HOU,Houston,West,Southwest,Houston Rockets,Rockets
2019-04-28T00:00:00.000Z,"{'id': 17, 'abbreviation': 'MIL', 'city': 'Milwaukee', 'conference': 'East', 'division': 'Central', 'full_name': 'Milwaukee Bucks', 'name': 'Bucks'}",90,61725,4,True,2018,Final,     ,"{'id': 2, 'abbreviation': 'BOS', 'city': 'Boston', 'conference': 'East', 'division': 'Atlantic', 'full_name': 'Boston Celtics', 'name': 'Celtics'}",112,17,MIL,Milwaukee,East,Central,Milwaukee Bucks,Bucks,2,BOS,Boston,East,Atlantic,Boston Celtics,Celtics
2019-04-29T00:00:00.000Z,"{'id': 28, 'abbreviation': 'TOR', 'city': 'Toronto', 'conference': 'East', 'division': 'Atlantic', 'full_name': 'Toronto Raptors', 'name': 'Raptors'}",89,61726,4,True,2018,Final,     ,"{'id': 23, 'abbreviation': 'PHI', 'city': 'Philadelphia', 'conference': 'East', 'division': 'Atlantic', 'full_name': 'Philadelphia 76ers', 'name': '76ers'}",94,28,TOR,Toronto,East,Atlantic,Toronto Raptors,Raptors,23,PHI,Philadelphia,East,Atlantic,Philadelphia 76ers,76ers
2019-04-30T00:00:00.000Z,"{'id': 10, 'abbreviation': 'GSW', 'city': 'Golden State', 'conference': 'West', 'division': 'Pacific', 'full_name': 'Golden State Warriors', 'name': 'Warriors'}",115,61727,4,True,2018,Final,     ,"{'id': 11, 'abbreviation': 'HOU', 'city': 'Houston', 'conference': 'West', 'division': 'Southwest', 'full_name': 'Houston Rockets', 'name': 'Rockets'}",109,10,GSW,Golden State,West,Pacific,Golden State Warriors,Warriors,11,HOU,Houston,West,Southwest,Houston Rockets,Rockets
2019-04-30T00:00:00.000Z,"{'id': 17, 'abbreviation': 'MIL', 'city': 'Milwaukee', 'conference': 'East', 'division': 'Central', 'full_name': 'Milwaukee Bucks', 'name': 'Bucks'}",123,61728,4,True,2018,Final,     ,"{'id': 2, 'abbreviation': 'BOS', 'city': 'Boston', 'conference': 'East', 'division': 'Atlantic', 'full_name': 'Boston Celtics', 'name': 'Celtics'}",102,17,MIL,Milwaukee,East,Central,Milwaukee Bucks,Bucks,2,BOS,Boston,East,Atlantic,Boston Celtics,Celtics
2019-05-02T00:00:00.000Z,"{'id': 23, 'abbreviation': 'PHI', 'city': 'Philadelphia', 'conference': 'East', 'division': 'Atlantic', 'full_name': 'Philadelphia 76ers', 'name': '76ers'}",116,61736,4,True,2018,Final,     ,"{'id': 28, 'abbreviation': 'TOR', 'city': 'Toronto', 'conference': 'East', 'division': 'Atlantic', 'full_name': 'Toronto Raptors', 'name': 'Raptors'}",95,23,PHI,Philadelphia,East,Atlantic,Philadelphia 76ers,76ers,28,TOR,Toronto,East,Atlantic,Toronto Raptors,Raptors
2019-05-03T00:00:00.000Z,"{'id': 2, 'abbreviation': 'BOS', 'city': 'Boston', 'conference': 'East', 'division': 'Atlantic', 'full_name': 'Boston Celtics', 'name': 'Celtics'}",116,61737,4,True,2018,Final,     ,"{'id': 17, 'abbreviation': 'MIL', 'city': 'Milwaukee', 'conference': 'East', 'division': 'Central', 'full_name': 'Milwaukee Bucks', 'name': 'Bucks'}",123,2,BOS,Boston,East,Atlantic,Boston Celtics,Celtics,17,MIL,Milwaukee,East,Central,Milwaukee Bucks,Bucks
2019-05-04T00:00:00.000Z,"{'id': 11, 'abbreviation': 'HOU', 'city': 'Houston', 'conference': 'West', 'division': 'Southwest', 'full_name': 'Houston Rockets', 'name': 'Rockets'}",126,61738,5,True,2018,Final,     ,"{'id': 10, 'abbreviation': 'GSW', 'city': 'Golden State', 'conference': 'West', 'division': 'Pacific', 'full_name': 'Golden State Warriors', 'name': 'Warriors'}",121,11,HOU,Houston,West,Southwest,Houston Rockets,Rockets,10,GSW,Golden State,West,Pacific,Golden State Warriors,Warriors
2019-05-01T00:00:00.000Z,"{'id': 8, 'abbreviation': 'DEN', 'city': 'Denver', 'conference': 'West', 'division': 'Northwest', 'full_name': 'Denver Nuggets', 'name': 'Nuggets'}",90,61848,4,True,2018,Final,     ,"{'id': 25, 'abbreviation': 'POR', 'city': 'Portland', 'conference': 'West', 'division': 'Northwest', 'full_name': 'Portland Trail Blazers', 'name': 'Trail Blazers'}",97,8,DEN,Denver,West,Northwest,Denver Nuggets,Nuggets,25,POR,Portland,West,Northwest,Portland Trail Blazers,Trail Blazers
2019-05-03T00:00:00.000Z,"{'id': 25, 'abbreviation': 'POR', 'city': 'Portland', 'conference': 'West', 'division': 'Northwest', 'full_name': 'Portland Trail Blazers', 'name': 'Trail Blazers'}",140,61851,8,True,2018,Final,     ,"{'id': 8, 'abbreviation': 'DEN', 'city': 'Denver', 'conference': 'West', 'division': 'Northwest', 'full_name': 'Denver Nuggets', 'name': 'Nuggets'}",137,25,POR,Portland,West,Northwest,Portland Trail Blazers,Trail Blazers,8,DEN,Denver,West,Northwest,Denver Nuggets,Nuggets
2019-05-21T00:00:00.000Z,"{'id': 28, 'abbreviation': 'TOR', 'city': 'Toronto', 'conference': 'East', 'division': 'Atlantic', 'full_name': 'Toronto Raptors', 'name': 'Raptors'}",120,62351,4,True,2018,Final,     ,"{'id': 17, 'abbreviation': 'MIL', 'city': 'Milwaukee', 'conference': 'East', 'division': 'Central', 'full_name': 'Milwaukee Bucks', 'name': 'Bucks'}",102,28,TOR,Toronto,East,Atlantic,Toronto Raptors,Raptors,17,MIL,Milwaukee,East,Central,Milwaukee Bucks,Bucks
2019-05-17T00:00:00.000Z,"{'id': 17, 'abbreviation': 'MIL', 'city': 'Milwaukee', 'conference': 'East', 'division': 'Central', 'full_name': 'Milwaukee Bucks', 'name': 'Bucks'}",125,62347,4,True,2018,Final,     ,"{'id': 28, 'abbreviation': 'TOR', 'city': 'Toronto', 'conference': 'East', 'division': 'Atlantic', 'full_name': 'Toronto Raptors', 'name': 'Raptors'}",103,17,MIL,Milwaukee,East,Central,Milwaukee Bucks,Bucks,28,TOR,Toronto,East,Atlantic,Toronto Raptors,Raptors
2019-05-05T00:00:00.000Z,"{'id': 25, 'abbreviation': 'POR', 'city': 'Portland', 'conference': 'West', 'division': 'Northwest', 'full_name': 'Portland Trail Blazers', 'name': 'Trail Blazers'}",112,61854,4,True,2018,Final,     ,"{'id': 8, 'abbreviation': 'DEN', 'city': 'Denver', 'conference': 'West', 'division': 'Northwest', 'full_name': 'Denver Nuggets', 'name': 'Nuggets'}",116,25,POR,Portland,West,Northwest,Portland Trail Blazers,Trail Blazers,8,DEN,Denver,West,Northwest,Denver Nuggets,Nuggets
2019-05-12T00:00:00.000Z,"{'id': 8, 'abbreviation': 'DEN', 'city': 'Denver', 'conference': 'West', 'division': 'Northwest', 'full_name': 'Denver Nuggets', 'name': 'Nuggets'}",96,61867,4,True,2018,Final,     ,"{'id': 25, 'abbreviation': 'POR', 'city': 'Portland', 'conference': 'West', 'division': 'Northwest', 'full_name': 'Portland Trail Blazers', 'name': 'Trail Blazers'}",100,8,DEN,Denver,West,Northwest,Denver Nuggets,Nuggets,25,POR,Portland,West,Northwest,Portland Trail Blazers,Trail Blazers
2019-05-12T00:00:00.000Z,"{'id': 28, 'abbreviation': 'TOR', 'city': 'Toronto', 'conference': 'East', 'division': 'Atlantic', 'full_name': 'Toronto Raptors', 'name': 'Raptors'}",92,61749,4,True,2018,Final,     ,"{'id': 23, 'abbreviation': 'PHI', 'city': 'Philadelphia', 'conference': 'East', 'division': 'Atlantic', 'full_name': 'Philadelphia 76ers', 'name': '76ers'}",90,28,TOR,Toronto,East,Atlantic,Toronto Raptors,Raptors,23,PHI,Philadelphia,East,Atlantic,Philadelphia 76ers,76ers
2019-05-07T00:00:00.000Z,"{'id': 8, 'abbreviation': 'DEN', 'city': 'Denver', 'conference': 'West', 'division': 'Northwest', 'full_name': 'Denver Nuggets', 'name': 'Nuggets'}",124,61858,4,True,2018,Final,     ,"{'id': 25, 'abbreviation': 'POR', 'city': 'Portland', 'conference': 'West', 'division': 'Northwest', 'full_name': 'Portland Trail Blazers', 'name': 'Trail Blazers'}",98,8,DEN,Denver,West,Northwest,Denver Nuggets,Nuggets,25,POR,Portland,West,Northwest,Portland Trail Blazers,Trail Blazers
2019-05-23T00:00:00.000Z,"{'id': 17, 'abbreviation': 'MIL', 'city': 'Milwaukee', 'conference': 'East', 'division': 'Central', 'full_name': 'Milwaukee Bucks', 'name': 'Bucks'}",99,62353,4,True,2018,Final,     ,"{'id': 28, 'abbreviation': 'TOR', 'city': 'Toronto', 'conference': 'East', 'division': 'Atlantic', 'full_name': 'Toronto Raptors', 'name': 'Raptors'}",105,17,MIL,Milwaukee,East,Central,Milwaukee Bucks,Bucks,28,TOR,Toronto,East,Atlantic,Toronto Raptors,Raptors
2019-05-25T00:00:00.000Z,"{'id': 28, 'abbreviation': 'TOR', 'city': 'Toronto', 'conference': 'East', 'division': 'Atlantic', 'full_name': 'Toronto Raptors', 'name': 'Raptors'}",100,62355,4,True,2018,Final,     ,"{'id': 17, 'abbreviation': 'MIL', 'city': 'Milwaukee', 'conference': 'East', 'division': 'Central', 'full_name': 'Milwaukee Bucks', 'name': 'Bucks'}",94,28,TOR,Toronto,East,Atlantic,Toronto Raptors,Raptors,17,MIL,Milwaukee,East,Central,Milwaukee Bucks,Bucks
2019-05-18T00:00:00.000Z,"{'id': 25, 'abbreviation': 'POR', 'city': 'Portland', 'conference': 'West', 'division': 'Northwest', 'full_name': 'Portland Trail Blazers', 'name': 'Trail Blazers'}",99,62348,4,True,2018,Final,     ,"{'id': 10, 'abbreviation': 'GSW', 'city': 'Golden State', 'conference': 'West', 'division': 'Pacific', 'full_name': 'Golden State Warriors', 'name': 'Warriors'}",110,25,POR,Portland,West,Northwest,Portland Trail Blazers,Trail Blazers,10,GSW,Golden State,West,Pacific,Golden State Warriors,Warriors
2019-06-07T00:00:00.000Z,"{'id': 10, 'abbreviation': 'GSW', 'city': 'Golden State', 'conference': 'West', 'division': 'Pacific', 'full_name': 'Golden State Warriors', 'name': 'Warriors'}",92,62483,4,True,2018,Final,     ,"{'id': 28, 'abbreviation': 'TOR', 'city': 'Toronto', 'conference': 'East', 'division': 'Atlantic', 'full_name': 'Toronto Raptors', 'name': 'Raptors'}",105,10,GSW,Golden State,West,Pacific,Golden State Warriors,Warriors,28,TOR,Toronto,East,Atlantic,Toronto Raptors,Raptors
2019-05-09T00:00:00.000Z,"{'id': 25, 'abbreviation': 'POR', 'city': 'Portland', 'conference': 'West', 'division': 'Northwest', 'full_name': 'Portland Trail Blazers', 'name': 'Trail Blazers'}",119,61861,4,True,2018,Final,     ,"{'id': 8, 'abbreviation': 'DEN', 'city': 'Denver', 'conference': 'West', 'division': 'Northwest', 'full_name': 'Denver Nuggets', 'name': 'Nuggets'}",108,25,POR,Portland,West,Northwest,Portland Trail Blazers,Trail Blazers,8,DEN,Denver,West,Northwest,Denver Nuggets,Nuggets
2019-05-14T00:00:00.000Z,"{'id': 10, 'abbreviation': 'GSW', 'city': 'Golden State', 'conference': 'West', 'division': 'Pacific', 'full_name': 'Golden State Warriors', 'name': 'Warriors'}",116,62344,4,True,2018,Final,     ,"{'id': 25, 'abbreviation': 'POR', 'city': 'Portland', 'conference': 'West', 'division': 'Northwest', 'full_name': 'Portland Trail Blazers', 'name': 'Trail Blazers'}",94,10,GSW,Golden State,West,Pacific,Golden State Warriors,Warriors,25,POR,Portland,West,Northwest,Portland Trail Blazers,Trail Blazers
2019-05-30T00:00:00.000Z,"{'id': 28, 'abbreviation': 'TOR', 'city': 'Toronto', 'conference': 'East', 'division': 'Atlantic', 'full_name': 'Toronto Raptors', 'name': 'Raptors'}",118,62480,4,True,2018,Final,     ,"{'id': 10, 'abbreviation': 'GSW', 'city': 'Golden State', 'conference': 'West', 'division': 'Pacific', 'full_name': 'Golden State Warriors', 'name': 'Warriors'}",109,28,TOR,Toronto,East,Atlantic,Toronto Raptors,Raptors,10,GSW,Golden State,West,Pacific,Golden State Warriors,Warriors
2019-06-10T00:00:00.000Z,"{'id': 28, 'abbreviation': 'TOR', 'city': 'Toronto', 'conference': 'East', 'division': 'Atlantic', 'full_name': 'Toronto Raptors', 'name': 'Raptors'}",105,62484,4,True,2018,Final,     ,"{'id': 10, 'abbreviation': 'GSW', 'city': 'Golden State', 'conference': 'West', 'division': 'Pacific', 'full_name': 'Golden State Warriors', 'name': 'Warriors'}",106,28,TOR,Toronto,East,Atlantic,Toronto Raptors,Raptors,10,GSW,Golden State,West,Pacific,Golden State Warriors,Warriors
2019-05-15T00:00:00.000Z,"{'id': 17, 'abbreviation': 'MIL', 'city': 'Milwaukee', 'conference': 'East', 'division': 'Central', 'full_name': 'Milwaukee Bucks', 'name': 'Bucks'}",108,62345,4,True,2018,Final,     ,"{'id': 28, 'abbreviation': 'TOR', 'city': 'Toronto', 'conference': 'East', 'division': 'Atlantic', 'full_name': 'Toronto Raptors', 'name': 'Raptors'}",100,17,MIL,Milwaukee,East,Central,Milwaukee Bucks,Bucks,28,TOR,Toronto,East,Atlantic,Toronto Raptors,Raptors
2019-05-19T00:00:00.000Z,"{'id': 28, 'abbreviation': 'TOR', 'city': 'Toronto', 'conference': 'East', 'division': 'Atlantic', 'full_name': 'Toronto Raptors', 'name': 'Raptors'}",118,62349,6,True,2018,Final,     ,"{'id': 17, 'abbreviation': 'MIL', 'city': 'Milwaukee', 'conference': 'East', 'division': 'Central', 'full_name': 'Milwaukee Bucks', 'name': 'Bucks'}",112,28,TOR,Toronto,East,Atlantic,Toronto Raptors,Raptors,17,MIL,Milwaukee,East,Central,Milwaukee Bucks,Bucks
2019-06-02T00:00:00.000Z,"{'id': 28, 'abbreviation': 'TOR', 'city': 'Toronto', 'conference': 'East', 'division': 'Atlantic', 'full_name': 'Toronto Raptors', 'name': 'Raptors'}",104,62481,4,True,2018,Final,     ,"{'id': 10, 'abbreviation': 'GSW', 'city': 'Golden State', 'conference': 'West', 'division': 'Pacific', 'full_name': 'Golden State Warriors', 'name': 'Warriors'}",109,28,TOR,Toronto,East,Atlantic,Toronto Raptors,Raptors,10,GSW,Golden State,West,Pacific,Golden State Warriors,Warriors
2019-05-20T00:00:00.000Z,"{'id': 25, 'abbreviation': 'POR', 'city': 'Portland', 'conference': 'West', 'division': 'Northwest', 'full_name': 'Portland Trail Blazers', 'name': 'Trail Blazers'}",117,62350,5,True,2018,Final,     ,"{'id': 10, 'abbreviation': 'GSW', 'city': 'Golden State', 'conference': 'West', 'division': 'Pacific', 'full_name': 'Golden State Warriors', 'name': 'Warriors'}",119,25,POR,Portland,West,Northwest,Portland Trail Blazers,Trail Blazers,10,GSW,Golden State,West,Pacific,Golden State Warriors,Warriors
2019-05-16T00:00:00.000Z,"{'id': 10, 'abbreviation': 'GSW', 'city': 'Golden State', 'conference': 'West', 'division': 'Pacific', 'full_name': 'Golden State Warriors', 'name': 'Warriors'}",114,62346,4,True,2018,Final,     ,"{'id': 25, 'abbreviation': 'POR', 'city': 'Portland', 'conference': 'West', 'division': 'Northwest', 'full_name': 'Portland Trail Blazers', 'name': 'Trail Blazers'}",111,10,GSW,Golden State,West,Pacific,Golden State Warriors,Warriors,25,POR,Portland,West,Northwest,Portland Trail Blazers,Trail Blazers
2019-06-13T00:00:00.000Z,"{'id': 10, 'abbreviation': 'GSW', 'city': 'Golden State', 'conference': 'West', 'division': 'Pacific', 'full_name': 'Golden State Warriors', 'name': 'Warriors'}",110,62485,4,True,2018,Final,     ,"{'id': 28, 'abbreviation': 'TOR', 'city': 'Toronto', 'conference': 'East', 'division': 'Atlantic', 'full_name': 'Toronto Raptors', 'name': 'Raptors'}",114,10,GSW,Golden State,West,Pacific,Golden State Warriors,Warriors,28,TOR,Toronto,East,Atlantic,Toronto Raptors,Raptors
2019-06-05T00:00:00.000Z,"{'id': 10, 'abbreviation': 'GSW', 'city': 'Golden State', 'conference': 'West', 'division': 'Pacific', 'full_name': 'Golden State Warriors', 'name': 'Warriors'}",109,62482,4,True,2018,Final,     ,"{'id': 28, 'abbreviation': 'TOR', 'city': 'Toronto', 'conference': 'East', 'division': 'Atlantic', 'full_name': 'Toronto Raptors', 'name': 'Raptors'}",123,10,GSW,Golden State,West,Pacific,Golden State Warriors,Warriors,28,TOR,Toronto,East,Atlantic,Toronto Raptors,Raptors
